,domain,number_of_unique_ips,number_of_domains
0,abc.net.au,1,0
1,livejournal.com,11,0
2,jjwxc.net,6,0
3,doublepimp.com,6,0
4,life.tw,9,2
5,kdnet.net,8,0
6,fast-torrent.ru,11,0
7,sfgate.com,2,2
8,google.com.kh,99,6349
9,akoam.com,35,1
10,multitran.ru,1,0
11,pof.com,1,0
12,togetter.com,209,0
13,invisionapp.com,216,2
14,google.rs,89,6130
15,google.com.vn,142,7339
16,sears.com,244,97
17,quora.com,113,1
18,battle.net,3,0
19,sap.com,5,0
20,postbank.de,2,0
21,joq.al,35,4
22,welt.de,1,0
23,upwork.com,2,0
24,netflix.com,557,0
25,fedex.com,18,0
26,mirror.co.uk,125,0
27,retailmenot.com,122,15
28,github.com,19,0
29,newtabtv.com,2,1
30,pinimg.com,10,20
31,pastebin.com,33,2
32,firstpost.com,2,0
33,google.com.do,75,5236
34,diply.com,258,61
35,plurk.com,5,0
36,jd.com,12,0
37,ticketmaster.com,88,0
38,360.cn,9,0
39,pandora.com,2,0
40,utorrent.com,3,0
41,standardmedia.co.ke,16,0
42,kissanime.ru,4,4
43,gyazo.com,100,3
44,jianshu.com,11,0
45,lun.com,10,0
46,pcworld.com,9,8
47,xhamsterlive.com,3,0
48,verizon.com,46,45
49,thewhizproducts.com,40,29
50,op.gg,98,94
51,hurriyet.com.tr,5,0
52,depositphotos.com,8,0
53,tradeadexchange.com,4,2
54,beytoote.com,3,0
55,mangafox.me,15,0
56,crhoy.com,19,0
57,india.com,3,0
58,yenisafak.com,4,0
59,makemytrip.com,2,0
60,beeg.com,14,0
61,filmitorrent.org,5,0
62,skroutz.gr,1,0
63,nmisr.com,65,1
64,kissasian.com,8,8
65,indoxxi.net,10,3
66,gmanetwork.com,2,0
67,kbb.com,1,14
68,playground.ru,1,0
69,taobao.com,9,7
70,cloudfront.net,3,5
71,nsdl.com,2,0
72,tnctrx.com,109,37
73,bitly.com,7,0
74,okezone.com,5,0
75,farsnews.com,10,0
76,logitech.com,4,0
77,discuss.com.hk,63,0
78,donanimhaber.com,4,0
79,sozcu.com.tr,38,0
80,videodownloadconverter.com,4,15
81,instructables.com,5,16
82,ubuntu.com,2,0
83,chron.com,2,2
84,sanjesh.org,1,0
85,complex.com,16,3
86,gazeta.ru,9,0
87,yandex.com,2,0
88,lavanguardia.com,5,4
89,as.com,292,251
90,gnula.nu,11,0
91,g2a.com,14,0
92,forbes.com,5,24
93,virgilio.it,4,1
94,panipuri.com,5,2
95,radiorage.com,4,15
96,bomb01.com,17,0
97,ibm.com,2,0
98,roblox.com,4,0
99,reimageplus.com,13,0
100,woman.ru,3,0
101,dhl.com,5,0
102,debate.com.mx,13,0
103,google.iq,87,5739
104,24video.adult,2,0
105,sabq.org,50,1
106,adscpm.net,10,0
107,3sk.tv,37,2
108,google.tm,316,2162
109,asahi.com,93,1
110,xinhuanet.com,5,0
111,themeforest.net,257,255
112,baidu.com,9,0
113,gamefaqs.com,4,0
114,goodreads.com,8,0
115,20minutes.fr,4,0
116,free3dadultgames.com,3,0
117,bhphotovideo.com,1,0
118,zol.com.cn,8,0
119,dcard.tw,20,0
120,clixsense.com,13,0
121,custhelp.com,2,0
122,setn.com,21,14
123,vseigru.net,18,0
124,derb.gdn,12,8
125,aweber.com,3,0
126,brightside.me,4,0
127,sportzwiki.com,18,0
128,torrentz2.eu,113,70
129,cnzz.com,4,0
130,eset.com,4,0
131,iqoption.com,18,0
132,livedoor.jp,2,2
133,amazon.com.mx,11,0
134,bloomberg.com,6,0
135,google.no,134,7414
136,grid.id,49,0
137,makeuseof.com,42,0
138,google.lv,120,7055
139,yahoo.com,20,0
140,ozon.ru,12,0
141,limetorrents.cc,22,36
142,vnexpress.net,12,0
143,sputniknews.com,2,0
144,turbo.az,3,0
145,ekantipur.com,9,1
146,abril.com.br,3,0
147,yespornplease.com,35,18
148,dytt8.net,57,0
149,overstock.com,2,0
150,ebay.fr,14,56
151,redtube.com,5,20
152,google.com.gh,104,6435
153,randomvideo.co,1,0
154,backpage.com,12,1
155,iwank.tv,2,0
156,fbcdn.net,67,138
157,adultfriendfinder.com,3,0
158,hdfcbank.com,20,0
159,moi.gov.sa,1,0
160,tvn24.pl,2,0
161,webtretho.com,1,0
162,china.com.cn,1,0
163,ilmeteo.it,1,0
164,metro.co.uk,12,67
165,sberbank.ru,5,0
166,fnac.com,2,0
167,theweathernetwork.com,7,0
168,ca.gov,4,0
169,irctc.co.in,4,0
170,lds.org,1,0
171,rajasthan.gov.in,6,0
172,gazeta.pl,1,0
173,mercadolibre.com.ve,3,0
174,intel.com,3,0
175,google.com.ph,117,7012
176,americanas.com.br,32,0
177,urbanoutfitters.com,116,15
178,p30download.com,4,0
179,creditkarma.com,77,0
180,google.com.ly,79,5495
181,usnews.com,125,12
182,biobiochile.cl,4,0
183,friv.com,15,0
184,altervista.org,2,0
185,11st.co.kr,1,0
186,myfreecams.com,3,0
187,lapatilla.com,93,42
188,spectrum.net,8,0
189,sina.com.cn,5,0
190,trulia.com,3,0
191,fanpage.gr,4,0
192,ettoday.net,1,0
193,medium.com,22,0
194,foxnews.com,369,68
195,ecosia.org,109,5
196,techtarget.com,3,0
197,merriam-webster.com,8,0
198,caixa.gov.br,8,0
199,huawei.com,3,0
200,chegg.com,90,72
201,thekitchn.com,13,32
202,google.com.sv,85,5588
203,fiuxy.co,3,0
204,4shared.com,57,393
205,wish.com,345,0
206,google.lt,104,6364
207,yandex.com.tr,2,0
208,pinterest.jp,5,12
209,v2ex.com,15,0
210,speedtest.net,11,59
211,jetbrains.com,333,334
212,barnesandnoble.com,3,0
213,adme.ru,7,0
214,marumaru.in,46,2
215,6park.com,17,0
216,fb.ru,3,0
217,udemy.com,17,0
218,dagospia.com,2,1
219,caliente.mx,2,0
220,btolat.com,56,4
221,china.com,12,0
222,sport.es,2,0
223,hotpepper.jp,2,0
224,doodle.com,110,1
225,googleapis.com,510,2530
226,ea.com,96,0
227,sheypoor.com,11,2
228,wetteronline.de,3,0
229,samsung.com,2,0
230,att.com,2,0
231,tamilrockers.nu,7,0
232,xunlei.com,15,0
233,ask.com,98,228
234,change.org,3,0
235,npr.org,1,0
236,liveleak.com,5,0
237,gmw.cn,74,21
238,prom.ua,5,0
239,youdao.com,5,0
240,nexusmods.com,10,0
241,chess.com,2,0
242,amazonaws.com,3,7
243,pcmag.com,68,0
244,imagefap.com,12,0
245,bola.com,187,317
246,tripadvisor.com,8,7
247,cbsnews.com,3,0
248,github.io,17,15
249,ubi.com,13,0
250,fullhdfilmizlesene.org,6,0
251,huanqiu.com,11,0
252,hindustantimes.com,3,0
253,milliyet.com.tr,5,0
254,ucoz.ru,5,2
255,google.co.in,201,8102
256,littlethings.com,2,0
257,trackmedia101.com,50,20
258,aarth.com,7,0
259,mangareader.net,6,0
260,vidzi.tv,23,0
261,tunein.com,10,0
262,vente-privee.com,4,0
263,indiamart.com,8,0
264,thevintagenews.com,20,0
265,aniop25.com,1,0
266,politico.com,52,5
267,pch.com,253,2
268,adexchangeprediction.com,25,6
269,hh.ru,3,0
270,bastillepost.com,565,146
271,exblog.jp,2,0
272,pipeschannels.com,3,0
273,getpocket.com,252,3
274,europa.eu,14,0
275,minuto30.com,22,0
276,tianya.cn,7,0
277,championat.com,9,0
278,sogou.com,43,9
279,zara.com,250,0
280,ivi.ru,6,0
281,uptodown.com,260,50
282,leadzupc.com,5,0
283,monster.com,4,0
284,xnxx.com,58,196
285,dostor.org,31,0
286,movie2free.com,24,0
287,sapo.pt,4,0
288,ria.com,2,0
289,iwanttodeliver.com,16,0
290,abc.es,3,0
291,southwest.com,4,0
292,ebay-kleinanzeigen.de,4,0
293,crunchyroll.com,9,0
294,auction.co.kr,2,0
295,digg.com,221,160
296,hsbc.com.hk,8,0
297,forgeofempires.com,7,2
298,iherb.com,103,26
299,qualtrics.com,37,51
300,lotterypost.com,1,0
301,jkanime.net,42,24
302,google.com.uy,79,5547
303,cnn.com,12,0
304,google.com.sa,110,6862
305,piriform.com,45,117
306,dhgate.com,10,0
307,epwk.com,2,0
308,blogspot.fr,75,802
309,1tv.ru,7,0
310,google.lk,110,6780
311,ninisite.com,12,0
312,kalerkantho.com,8,0
313,avira.com,9,0
314,mbc.net,1,0
315,google.com.kw,92,6232
316,skysports.com,3,1
317,investing.com,4,0
318,deadspin.com,44,269
319,ppy.sh,10,0
320,coccoc.com,1,0
321,wellsfargo.com,7,0
322,spiegel.de,5,0
323,internetportalne.ws,5,0
324,jiameng.com,4,7
325,allrecipes.com,4,0
326,fetlife.com,18,36
327,umeng.com,6,0
328,laprensagrafica.com,10,0
329,woot.com,46,0
330,behance.net,7,0
331,digikala.com,19,2
332,tagesschau.de,2,0
333,tinyz.us,5,1
334,newstrend.news,11,0
335,zing.vn,2,0
336,libero.it,12,1
337,funnyjunk.com,19,0
338,cracked.com,85,1
339,ablogica.com,1,1
340,hdzog.com,14,5
341,4399.com,23,0
342,thepiratebay.org,24,47
343,weblio.jp,1,0
344,bayt.com,3,0
345,telegram.me,2,3
346,arstechnica.com,3,0
347,oschina.net,6,0
348,ccm.net,349,116
349,kompasiana.com,98,0
350,yadi.sk,3,0
351,userapi.com,23,20
352,liftable.com,16,5
353,argaam.com,5,0
354,9anime.to,26,1
355,lloydsbank.co.uk,9,0
356,naver.com,11,0
357,clipconverter.cc,5,0
358,icicibank.com,2,1
359,suara.com,12,0
360,adp.com,3,0
361,slickdeals.net,14,1
362,cookpad.com,35,0
363,mediawhirl.net,27,9
364,wildberries.ru,11,0
365,sakura.ne.jp,2,0
366,mehrnews.com,9,0
367,detik.com,6,0
368,userscloud.com,3,0
369,adobe.com,3,0
370,linternaute.com,3,1
371,wayfair.com,4,0
372,mysagagame.com,1,0
373,index.hu,14,0
374,amazon.cn,3,0
375,tripadvisor.co.uk,7,7
376,danawa.com,1,0
377,google.com.ua,104,6331
378,cloudflare.com,12,0
379,zcool.com.cn,7,0
380,excite.co.jp,4,0
381,gamestop.com,4,0
382,kakaku.com,2,0
383,unblocked.srl,2,0
384,tc-clicks.com,70,0
385,elfagr.org,7,0
386,guancha.cn,10,3
387,bola.net,2,4
388,sbnation.com,13,76
389,gleam.io,6,0
390,liveinternet.ru,6,0
391,coolmath-games.com,15,2
392,exoclick.com,4,0
393,amazon.de,9,0
394,yandex.ru,27,38
395,npmjs.com,13,0
396,getbootstrap.com,10,4
397,chouftv.ma,6,2
398,mega.co.nz,16,7
399,likemag.com,10,0
400,microsoft.com,14,14
401,hclips.com,13,5
402,varzesh3.com,14,0
403,swagbucks.com,3,0
404,xkcd.com,10,16
405,livestrong.com,3,0
406,vk.com,58,20
407,mundodeportivo.com,7,4
408,bahn.de,77,0
409,imdb.com,7,8
410,google.gr,135,7272
411,nhl.com,2,0
412,zappos.com,9,0
413,soso.com,20,9
414,os.tc,8,0
415,youtube-mp3.org,6,0
416,aliyun.com,14,0
417,rarbg.is,1,0
418,51sole.com,7,0
419,viva.co.id,31,0
420,incometaxindiaefiling.gov.in,6,0
421,safefinder.com,1,0
422,naver.jp,4,0
423,nature.com,3,0
424,pixhost.org,8,0
425,51cto.com,6,0
426,kakao.com,3,0
427,lazada.co.th,23,26
428,clevernt.com,3,0
429,indianexpress.com,34,58
430,google.com.ec,90,5804
431,vmware.com,6,0
432,dw.com,2,0
433,tomshardware.com,65,32
434,google.pt,138,7582
435,google.com.cu,58,4256
436,google.sk,99,6656
437,ebay.it,7,49
438,youm7.com,50,4
439,xoclkrvstrafms.com,465,519
440,patch.com,23,0
441,zapmeta.ws,3,0
442,apkpure.com,10,0
443,naukri.com,4,0
444,sh.st,22,1
445,nametests.com,15,2
446,freebitco.in,29,7
447,marriott.com,312,1
448,movieweb.com,8,0
449,foodnetwork.com,2,0
450,xing.com,4,0
451,icims.com,4,0
452,siteadvisor.com,4,0
453,firefoxchina.cn,3,0
454,mydrivers.com,5,0
455,bongacams.com,15,0
456,slideshare.net,109,844
457,adidas.com,1,0
458,lostfilm.tv,20,0
459,asos.com,44,55
460,popads.net,4,0
461,1688.com,4,0
462,pornpics.com,6,0
463,kizi.com,4,0
464,seznam.cz,7,0
465,shaparak.ir,12,0
466,todayhumor.co.kr,17,2
467,internetdownloadmanager.com,4,0
468,nuvid.com,6,0
469,orange.fr,4,0
470,kapook.com,34,0
471,actcorp.in,4,0
472,stackexchange.com,19,26
473,programme-tv.net,3,0
474,bab.la,1,0
475,vesti.ru,2,0
476,poste.it,11,0
477,booking.com,2,0
478,archive.org,6,30
479,wowkeren.com,41,40
480,mixplugin.com,4,16
481,b2b.cn,4,0
482,amazon.in,8,0
483,service.gov.uk,13,71
484,nairaland.com,12,0
485,gsmarena.com,2,0
486,concursolutions.com,183,1
487,babycenter.com,1,0
488,sourceforge.net,232,4
489,yesky.com,2,0
490,fanserials.tv,18,2
491,realtor.com,2,0
492,upornia.com,14,6
493,caffeinamagazine.it,6,0
494,flipkart.com,25,0
495,theguardian.com,15,16
496,online-convert.com,3,0
497,liputan6.com,175,309
498,eastday.com,3,0
499,timeanddate.com,11,9
500,last.fm,3,0
501,dingit.tv,14,0
502,twitter.com,111,789
503,heavy-r.com,15,2
504,match.com,8,0
505,etsy.com,6,0
506,narod.ru,8,2
507,lenta.ru,22,0
508,ck101.com,79,0
509,php.net,7,0
510,google.dk,163,7949
511,primewire.ag,49,56
512,citi.com,4,0
513,rumble.com,6,0
514,kinoprofi.org,12,1
515,ranker.com,6,0
516,wondershare.com,7,0
517,jeuxvideo.com,5,0
518,norton.com,4,0
519,flickr.com,7,14
520,gismeteo.ru,17,0
521,hubspot.com,169,52
522,kijiji.ca,5,0
523,slate.com,36,24
524,motherless.com,15,0
525,tempo.co,16,0
526,baike.com,7,0
527,my-hit.org,30,1
528,kotaku.com,44,267
529,cpmofferconvert.com,3,0
530,elsevier.com,4,0
531,credit-agricole.fr,1,0
532,squarespace.com,22,14
533,pagesjaunes.fr,2,0
534,olx.com.br,134,75
535,onlinekhabar.com,7,0
536,tomsguide.com,68,32
537,olx.co.id,12,14
538,pornhd.com,10,0
539,17450.xyz,5,1
540,terrambmsads.com,342,311
541,readmanga.me,10,0
542,nikkei.com,4,0
543,dream.co.id,3,6
544,finn.no,2,0
545,pornhub.com,27,200
546,chinadaily.com.cn,3,0
547,ed.gov,3,0
548,mobile01.com,5,0
549,blocket.se,6,0
550,atlassian.net,35,0
551,taboola.com,4,0
552,re19fla.com,1,2
553,engadget.com,28,23
554,aljazeera.net,33,21
555,gmx.net,3,0
556,leo.org,1,0
557,google.ro,191,8056
558,nbcnews.com,9,0
559,foursquare.com,32,0
560,farfetch.com,9,0
561,51.la,6,0
562,bs.to,11,1
563,moz.com,13,0
564,123rf.com,2,0
565,blackdoctor.org,17,70
566,rakuten-card.co.jp,2,0
567,comcast.net,6,1
568,mediaset.it,1,0
569,leagueoflegends.com,196,26
570,walmart.com,5,0
571,tabelog.com,3,0
572,idnes.cz,4,0
573,likrete.com,2,4
574,list-manage.com,2,0
575,savefrom.net,8,0
576,iciba.com,6,0
577,ppomppu.co.kr,8,0
578,berkeley.edu,3,0
579,bitcointalk.org,37,1
580,blog.me,2,0
581,sahibinden.com,2,0
582,khabaronline.ir,7,0
583,performanceadexchange.com,3,2
584,arxiv.org,2,0
585,sitepoint.com,7,0
586,bankofamerica.com,2,0
587,clicksgear.com,11,29
588,gogoanime.io,16,2
589,comicbook.com,151,41
590,dreamstime.com,5,0
591,livedoor.com,3,2
592,pirateproxy.cc,6,20
593,mileroticos.com,6,0
594,warhistoryonline.com,14,0
595,umich.edu,6,0
596,puu.sh,32,4
597,tube8.com,12,88
598,chip.de,128,65
599,cimaclub.com,87,12
600,reuters.com,16,120
601,united.com,235,0
602,coinbase.com,11,0
603,google.be,123,7287
604,billboard.com,15,0
605,libertywriters.com,11,0
606,calch.gdn,1,0
607,arcot.com,2,0
608,goal.com,2,0
609,hm.com,159,76
610,bankmellat.ir,3,0
611,unicredit.it,2,0
612,stream-it.online,1,0
613,tistory.com,4,0
614,facebook.com,156,722
615,theatlantic.com,9,29
616,eroterest.net,2,0
617,ted.com,57,0
618,t-online.de,4,0
619,ask.fm,41,0
620,bustle.com,403,488
621,subscene.com,168,35
622,otvfoco.com.br,50,0
623,dailypakistan.com.pk,8,0
624,eztv.ag,12,20
625,ajel.sa,27,0
626,imagetwist.com,27,0
627,nanoadexchange.com,3,5
628,thefreedictionary.com,17,0
629,reallifecam.com,59,1
630,google.de,248,8846
631,chosun.com,4,0
632,techradar.com,18,0
633,artstation.com,14,1
634,besoccer.com,2,0
635,daikynguyenvn.com,15,0
636,autotrader.com,2,0
637,mediafire.com,8,0
638,moviecorner.com,4,0
639,serviporno.com,12,0
640,tut.by,9,0
641,biglobe.ne.jp,2,0
642,brazzers.com,16,12
643,faz.net,2,0
644,zippyshare.com,4,0
645,ikea.com,4,14
646,google.jo,88,5617
647,snapdeal.com,4,14
648,vetogate.com,119,36
649,wordreference.com,16,19
650,1fardadownload.net,47,15
651,google.cn,151,3731
652,stackoverflow.com,25,38
653,pantip.com,12,0
654,correios.com.br,3,0
655,pretty52.com,17,0
656,rutracker.org,20,0
657,blackboard.com,4,0
658,onlinevideoconverter.com,5,0
659,argos.co.uk,6,10
660,lk21.org,5,0
661,href.li,12,19
662,pexels.com,15,0
663,vox.com,10,75
664,urdupoint.com,16,0
665,google.com.hk,175,7380
666,elle.com.tw,8,16
667,elvenar.com,4,2
668,sumatoad.com,51,33
669,vporn.com,10,0
670,proxyspotting.in,2,0
671,ana.co.jp,53,0
672,google.hr,99,6403
673,fishki.net,15,0
674,ero-advertising.com,14,0
675,amazon.ca,8,0
676,tasnimnews.com,9,0
677,vtv.vn,9,0
678,prothom-alo.com,64,11
679,wargaming.net,23,0
680,openload.co,22,1
681,letras.mus.br,8,0
682,el-nacional.com,55,0
683,tfetimes.com,9,1
684,plarium.com,10,8
685,efukt.com,17,0
686,lanacion.com.ar,5,0
687,fontawesome.io,4,4
688,ntd.tv,14,0
689,televisionfanatic.com,4,0
690,xhamster.com,20,0
691,freelancer.com,182,0
692,craigslist.ca,4,4
693,mobilemonetize.me,13,3
694,avast.com,20,0
695,gameforge.com,2,0
696,youjizz.com,14,88
697,126.com,2,0
698,lemonde.fr,2,0
699,blogfa.com,81,6
700,mysuperapps.online,1,1
701,fiverr.com,34,1
702,familydoctor.com.cn,2,0
703,att.net,4,0
704,businessinsider.com,13,52
705,zougla.gr,3,0
706,kinox.to,86,23
707,digitalprivacyalert.org,5,2
708,google.com.sg,100,6564
709,cyro.se,11,43
710,conservativetribune.com,20,6
711,cbssports.com,5,0
712,alibaba.com,9,0
713,alwafd.org,12,0
714,google.es,252,8513
715,ucla.edu,2,0
716,porn.com,4,0
717,ebay.es,7,49
718,bancodevenezuela.com,3,0
719,gstatic.com,246,7597
720,animeflv.net,22,0
721,seasonvar.ru,6,0
722,emailaccessonline.com,18,2
723,evernote.com,3,0
724,life.ru,23,1
725,otomoto.pl,5,0
726,blogspot.com.ar,63,729
727,mcafee.com,2,0
728,hitc.com,4,0
729,cool3c.com,3,0
730,ok.ru,11,0
731,americanexpress.com,274,0
732,2ch.net,16,0
733,leboncoin.fr,6,0
734,weevah2.top,28,49
735,wordpress.com,8,0
736,hatena.ne.jp,28,0
737,discover.com,253,0
738,noaa.gov,3,0
739,google.co.uk,184,7737
740,hootsuite.com,31,0
741,fotostrana.ru,6,0
742,msn.com,6,0
743,hao123.com,8,0
744,google.si,97,6609
745,umblr.com,13,51
746,mlb.com,3,0
747,ryanair.com,10,51
748,taleo.net,3,0
749,pscp.tv,308,1
750,thespruce.com,9,28
751,privatbank.ua,13,0
752,turbobit.net,46,0
753,nulltheme.net,19,16
754,nation.co.ke,2,0
755,abs-cbn.com,4,0
756,pole-emploi.fr,2,0
757,appledaily.com.tw,10,0
758,nordstrom.com,75,9
759,wikihow.com,13,4
760,ebay.ca,7,49
761,tutorialspoint.com,10,2
762,tvtropes.org,41,33
763,tabnak.ir,3,0
764,box.com,10,0
765,flightradar24.com,6,0
766,coinmarketcap.com,18,2
767,mathworks.com,3,0
768,xiami.com,7,0
769,admarketplace.net,2,2
770,allkpop.com,11,0
771,babytree.com,15,0
772,taoche.com,22,15
773,staples.com,91,2
774,bittrex.com,14,0
775,intuit.com,104,0
776,dailymail.co.uk,243,50
777,cqnews.net,1,0
778,godaddy.com,13,0
779,amazon.it,8,0
780,thewhizmarketing.com,41,33
781,caixabank.es,6,0
782,1337x.to,14,42
783,qingdaonews.com,13,0
784,jw.org,46,1
785,lazada.co.id,26,17
786,daraz.pk,32,4
787,kaskus.co.id,3,0
788,informationvine.com,51,43
789,salesforce.com,5,0
790,500px.com,16,0
791,sina.com.tw,1,0
792,amazon.es,7,0
793,giphy.com,74,7
794,google.cz,108,6968
795,providr.com,63,47
796,igetsend.ru,6,1
797,vidto.me,17,0
798,wonderlandads.com,9,0
799,blogspot.com,182,1099
800,jsfiddle.net,6,0
801,clubic.com,7,0
802,viid.me,5,5
803,mmofreegames.online,38,14
804,ssl4anyone5.com,15,46
805,cricbuzz.com,8,0
806,skype.com,13,0
807,sindonews.com,8,0
808,ly.com,5,0
809,expedia.com,7,14
810,dmm.co.jp,3,0
811,windows.net,6,11
812,yallakora.com,2,0
813,avg.com,11,53
814,zhanqi.tv,3,0
815,suspents.info,71,88
816,photobucket.com,3,0
817,doublepimpssl.com,12,0
818,haber7.com,2,0
819,tebyan.net,6,0
820,rednet.cn,7,0
821,xuite.net,4,0
822,rus.ec,15,2
823,fivethirtyeight.com,13,49
824,fidelity.com,6,0
825,pornhublive.com,8,0
826,dailymotion.com,86,684
827,yourporn.sexy,119,15
828,hespress.com,20,0
829,chaturbate.com,17,0
830,mydala.com,1,0
831,nexon.com,3,0
832,redfin.com,1,0
833,dianping.com,2,0
834,aftonbladet.se,8,0
835,variety.com,13,71
836,kp.ru,19,0
837,daikuan.com,2,0
838,scribd.com,34,5
839,huaban.com,7,0
840,lifebuzz.com,21,0
841,patreon.com,18,0
842,moneycontrol.com,1,0
843,repubblica.it,7,0
844,homedepot.com,4,0
845,hotmovs.com,9,6
846,mundo.com,12,0
847,gongchang.com,5,0
848,elwatannews.com,39,9
849,nike.com,3,0
850,glassdoor.com,14,0
851,unity3d.com,47,1
852,knowyourmeme.com,3,0
853,voyages-sncf.com,4,0
854,wix.com,17,2
855,mediaoffers.click,51,71
856,blockchain.info,7,0
857,bravotube.net,3,0
858,vjav.com,12,0
859,google.cl,191,7838
860,freejobalert.com,1,0
861,zozo.jp,1,0
862,google.it,256,8446
863,reddit.com,279,225
864,bestbuy.com,414,129
865,piz7ohhujogi.com,163,2
866,mywatchseries.ac,4,0
867,privat24.ua,9,0
868,schwab.com,6,0
869,agoda.com,2,0
870,ashemaletube.com,7,0
871,myntra.com,112,0
872,polygon.com,12,76
873,redirect2719.ws,7,0
874,wordpress.org,5,0
875,outbrain.com,16,0
876,renren.com,13,0
877,cbc.ca,296,82
878,i.ua,1,0
879,jimdo.com,14,37
880,trustpilot.com,155,0
881,ieee.org,3,0
882,kinozal.tv,94,22
883,bild.de,5,0
884,novinky.cz,6,0
885,iflscience.com,114,0
886,uzone.id,6,0
887,spiceworks.com,7,0
888,labanquepostale.fr,3,0
889,ny.gov,2,0
890,zendesk.com,6,0
891,dict.cc,3,0
892,blogger.com,118,923
893,google.co.za,168,7381
894,01net.com,71,0
895,ifeng.com,5,0
896,thehindu.com,2,0
897,force.com,1,14
898,hepsiburada.com,1,0
899,globaltimes.cn,11,3
900,wikimedia.org,5,8
901,google.com.mx,127,7055
902,sugklonistiko.gr,4,3
903,greatandhra.com,4,0
904,thoughtco.com,9,28
905,google.ba,288,2052
906,mayoclinic.org,1,0
907,ensonhaber.com,15,0
908,rakuten.co.jp,7,45
909,stubhub.com,224,1
910,tnaflix.com,1,0
911,reverb.com,140,46
912,storm.mg,2,0
913,taringa.net,35,2
914,bamilo.com,28,4
915,fmovies.is,20,3
916,39.net,4,0
917,bmi.ir,1,0
918,wetransfer.com,427,1
919,blogspot.gr,74,813
920,jizzbunker.com,108,31
921,airasia.com,4,0
922,similarweb.com,13,0
923,whatsapp.com,10,0
924,icy-veins.com,1,0
925,extratorrent.ag,11,20
926,sharepoint.com,7,11
927,easypdfcombine.com,4,15
928,vg.no,2,0
929,spankwire.com,44,293
930,adnetworkperformance.com,3,2
931,ibtimes.co.uk,97,0
932,idntimes.com,13,0
933,fastpic.ru,14,0
934,amazon.fr,7,0
935,avclub.com,7,28
936,youporn.com,16,114
937,wired.com,123,55
938,mega.nz,11,7
939,globo.com,1,1
940,cmoney.tw,1,0
941,prnt.sc,13,0
942,ups.com,2,0
943,bestadbid.com,12,0
944,faithtap.com,24,0
945,onclickmax.com,6,3
946,weather.com,308,48
947,service-now.com,6,0
948,rockstargames.com,4,0
949,telekom.com,4,0
950,traffic-media.co,46,16
951,bedbathandbeyond.com,111,0
952,filmix.me,3,0
953,ft.com,23,87
954,mynet.com,5,0
955,linguee.fr,3,0
956,spotify.com,13,0
957,tandfonline.com,3,0
958,kukudas.com,16,0
959,irecommend.ru,9,0
960,thingiverse.com,66,4
961,oracle.com,2,0
962,xfinity.com,8,1
963,ebay.co.uk,14,56
964,zomato.com,93,0
965,banggood.com,10,0
966,gumtree.com.au,2,0
967,wp.com,10,64
968,qoolquiz.com,5,4
969,wunderground.com,149,47
970,techcrunch.com,17,74
971,zoho.com,21,0
972,fc2.com,61,0
973,mercadolivre.com.br,19,4
974,manoramaonline.com,223,85
975,scol.com.cn,4,0
976,google.az,318,2188
977,google.co.th,139,7114
978,cima4u.tv,19,0
979,mts.ru,3,0
980,stripe.com,11,0
981,livejasmin.com,2,0
982,weibo.com,10,0
983,tokopedia.com,6,0
984,wittyfeed.com,85,4
985,patheos.com,11,18
986,aol.com,25,36
987,torrent9.cc,4,0
988,google.co.il,90,6144
989,buyma.com,2,0
990,videoyoum7.com,38,0
991,readthedocs.io,6,0
992,digitaltrends.com,2,0
993,lifehacker.com,50,281
994,pitchfork.com,3,0
995,google.com.co,105,6662
996,deref-gmx.net,2,0
997,freepik.com,4,0
998,theknot.com,8,0
999,google.co.nz,107,6423
1000,blogspot.in,95,872
1001,metacritic.com,2,0
1002,rollingstone.com,30,8
1003,yandex.kz,11,33
1004,ouedkniss.com,10,0
1005,rp5.ru,19,0
1006,gumtree.com,5,0
1007,watchfree.to,16,54
1008,blogspot.kr,64,739
1009,yodobashi.com,1,0
1010,google.cm,108,6855
1011,azlyrics.com,4,0
1012,nate.com,12,0
1013,indiatimes.com,3,0
1014,lifewire.com,9,33
1015,quizzstar.com,14,0
1016,thomann.de,1,0
1017,wiley.com,2,0
1018,wiktionary.org,5,8
1019,keepvid.com,8,0
1020,jobrapido.com,3,14
1021,mgid.com,4,0
1022,blogspot.tw,71,787
1023,yandex.by,11,33
1024,dumedia.ru,7,0
1025,lenovo.com,172,0
1026,cpm10.com,21,52
1027,sankei.com,51,0
1028,qq.com,10,0
1029,airtel.in,42,3
1030,teamviewer.com,6,0
1031,drtuber.com,5,0
1032,x48fly.com,9,29
1033,atlassian.com,36,1
1034,txxx.com,8,1
1035,nypost.com,10,63
1036,hulu.com,463,132
1037,tellonym.de,3,0
1038,almasryalyoum.com,23,18
1039,rbc.ru,27,0
1040,immobilienscout24.de,3,1
1041,ebay.com,10,0
1042,indeed.com,19,2
1043,fileconvertor.org,3,0
1044,gosuslugi.ru,1,0
1045,bukalapak.com,9,0
1046,curse.com,30,15
1047,royalbank.com,5,14
1048,techtudo.com.br,1,1
1049,ltn.com.tw,8,0
1050,ynet.co.il,138,33
1051,mozilla.org,3,0
1052,rapidgator.net,3,0
1053,pussl3.com,10,28
1054,nextlnk14.com,4,16
1055,idealista.com,5,1
1056,panet.co.il,15,0
1057,priceline.com,3,0
1058,drudgereport.com,14,1
1059,gamepedia.com,26,0
1060,google.se,234,8535
1061,stockstar.com,2,0
1062,xe.com,191,0
1063,rutube.ru,2,0
1064,qiwi.com,6,0
1065,idealo.de,2,0
1066,boredpanda.com,24,0
1067,adf.ly,26,0
1068,tribunnews.com,11,4
1069,kompas.com,9,0
1070,imwhite.ru,11,5
1071,datumglobal.com,57,8
1072,itmedia.co.jp,86,0
1073,lolsided.com,13,0
1074,inc.com,5,0
1075,accuweather.com,39,0
1076,so.com,5,0
1077,daum.net,37,255
1078,torrentproject.se,10,43
1079,drom.ru,9,0
1080,deref-web-02.de,2,0
1081,mercadolibre.com.mx,59,42
1082,twitch.tv,19,0
1083,corriere.it,3,0
1084,mysearch.com,3,0
1085,baskino.co,12,8
1086,newstarads.com,6,0
1087,everydayhealth.com.tw,179,0
1088,cryptocompare.com,5,0
1089,hostgator.com,9,0
1090,pixabay.com,43,6
1091,ebates.com,7,0
1092,asdfz.pro,4,7
1093,reclameaqui.com.br,16,0
1094,zz106855.com,2,6
1095,douban.com,11,0
1096,yemek.com,19,0
1097,nintendo.com,324,1
1098,caijing.com.cn,2,0
1099,blogspot.com.br,96,860
1100,weather.gov,92,2
1101,mirtesen.ru,5,0
1102,cic.gc.ca,3,0
1103,360doc.com,15,0
1104,shopclues.com,4,0
1105,lazada.com.my,24,28
1106,aljazeera.com,102,21
1107,leparisien.fr,2,0
1108,startpage.com,99,0
1109,rightmove.co.uk,3,0
1110,grammarly.com,218,1
1111,youboy.com,10,0
1112,gebadu.com,8,0
1113,ky59812.com,6,18
1114,google.ch,263,8735
1115,nba.com,8,0
1116,yifysubtitles.com,7,0
1117,bintang.com,182,317
1118,google.co.id,134,7186
1119,launchpage.org,3,0
1120,entrepreneur.com,10,8
1121,nur.kz,11,0
1122,zf.fm,8,0
1123,ebc.net.tw,30,14
1124,googlevideo.com,460,2506
1125,pelisplus.tv,50,12
1126,dpreview.com,288,1
1127,ilfattoquotidiano.it,5,0
1128,torrentdownloads.me,31,17
1129,dafont.com,2,0
1130,apple.com,5,5
1131,cnet.com,2,1
1132,wikipedia.org,6,8
1133,awesomeforyou.club,5,4
1134,indianrail.gov.in,1,0
1135,news.com.au,269,123
1136,strava.com,257,1
1137,ilbe.com,22,4
1138,nudevista.com,2,0
1139,kapanlagi.com,2,4
1140,news18.com,2,1
1141,usenet.nl,5,0
1142,elpais.com,345,259
1143,study.com,7,0
1144,serverfault.com,23,38
1145,nicovideo.jp,3,0
1146,olx.in,10,14
1147,fatosdesconhecidos.com.br,33,2
1148,dhl.de,1,0
1149,nydailynews.com,8,36
1150,discordapp.com,6,0
1151,sports.ru,6,0
1152,onclkds.com,7,0
1153,google.co.jp,171,7587
1154,redd.it,17,16
1155,telegraf.com.ua,18,0
1156,metropcs.mobi,439,530
1157,beingindian.com,22,0
1158,voirfilms.info,11,1
1159,mobile.de,4,0
1160,google.at,182,7778
1161,playstation.com,11,9
1162,xbox.com,19,10
1163,convert2mp3.net,16,2
1164,tradedoubler.com,113,2
1165,xtube.com,2,0
1166,hilltopads.net,4,0
1167,issuu.com,152,0
1168,surveymonkey.com,2,0
1169,ukr.net,3,0
1170,bandcamp.com,13,0
1171,17ok.com,1,0
1172,123movies.co,17,8
1173,deutsche-bank.de,2,0
1174,clips4sale.com,48,1
1175,givemesport.com,43,51
1176,fnkyyrgraizy.com,7,17
1177,runoob.com,3,0
1178,google.com.au,148,7559
1179,payu.in,2,0
1180,vanguardngr.com,109,29
1181,techbang.com,37,0
1182,blogspot.de,90,876
1183,opensubtitles.org,1,0
1184,softpedia.com,4,0
1185,talk.tw,1,0
1186,drugs.com,138,1
1187,goo.ne.jp,2,0
1188,books.com.tw,2,0
1189,secure-surf.net,2,0
1190,google.com.gt,63,4394
1191,myegy.tv,14,2
1192,tnt-online.ru,4,1
1193,afreecatv.com,5,0
1194,disqus.com,16,5
1195,mmo-champion.com,26,14
1196,hp.com,10,0
1197,internetspeedtracker.com,3,0
1198,yr.no,1,0
1199,brilio.net,14,12
1200,sonyentertainmentnetwork.com,6,51
1201,billdesk.com,1,0
1202,worldstarhiphop.com,13,0
1203,plex.tv,223,0
1204,admaimai.com,4,0
1205,zryydi.com,10,10
1206,oneplus.net,45,0
1207,coco01.net,23,1
1208,star.com.tr,13,2
1209,usatoday.com,2,0
1210,thevideo.me,14,0
1211,52pk.com,12,2
1212,doubleclick.net,315,311
1213,andhrajyothy.com,24,1
1214,macrumors.com,4,0
1215,dribbble.com,13,0
1216,japanpost.jp,2,0
1217,google.com.lb,104,6640
1218,xvideos.com,60,245
1219,bhaskar.com,360,153
1220,superaix.com,10,10
1221,teamliquid.net,2,0
1222,google.kz,353,2362
1223,rei.com,63,5
1224,kinja.com,45,261
1225,google.tn,86,5884
1226,okcupid.com,8,0
1227,bbc.co.uk,26,118
1228,kknews.cc,4,2
1229,clarin.com,1,0
1230,webtoons.com,4,0
1231,blibli.com,5,0
1232,onclickads.net,26,0
1233,instructure.com,4,51
1234,usbank.com,5,0
1235,jquery.com,8,0
1236,breitbart.com,2,0
1237,td.com,424,168
1238,ameblo.jp,171,0
1239,paheal.net,2,0
1240,eksisozluk.com,22,0
1241,zhihu.com,21,0
1242,easyjet.com,2,0
1243,lagaceta.com.ar,9,0
1244,lowes.com,78,0
1245,csdn.net,12,0
1246,futhead.com,23,15
1247,yomiuri.co.jp,6,24
1248,iobit.com,4,1
1249,christian-dogma.com,103,32
1250,duckduckgo.com,66,197
1251,constantcontact.com,2,0
1252,milanuncios.com,374,112
1253,flashscore.com,8,0
1254,w3schools.com,3,0
1255,mywatchseries.to,8,24
1256,screenrant.com,6,0
1257,smugmug.com,173,14
1258,canva.com,15,2
1259,popmyads.com,137,32
1260,malwarebytes.com,162,51
1261,k618.cn,1,0
1262,codeproject.com,2,0
1263,onlinesbi.com,5,0
1264,theverge.com,11,75
1265,codecanyon.net,208,249
1266,t.me,4,3
1267,translationbuddy.com,3,12
1268,flirt4free.com,6,0
1269,jrj.com.cn,2,0
1270,alipay.com,5,0
1271,aparat.com,11,0
1272,myanmarload.com,11,1
1273,google.ee,107,6667
1274,blog.jp,1,0
1275,n11.com,1,0
1276,nvidia.com,2,0
1277,google.ie,135,7475
1278,mit.edu,283,0
1279,edx.org,515,481
1280,ameba.jp,3,0
1281,jb51.net,3,0
1282,taimienphi.vn,2,0
1283,mail.com,6,0
1284,hilton.com,2,0
1285,telegram.org,4,2
1286,paytm.in,3,0
1287,perfecttoolmedia.com,3,3
1288,bettersearchtools.com,4,16
1289,eonline.com,70,1
1290,alc.co.jp,4,0
1291,worldoftanks.ru,5,0
1292,voyeurhit.com,15,7
1293,sabah.com.tr,7,0
1294,srchprivate.com,2,0
1295,nifty.com,57,481
1296,repelis.tv,28,0
1297,smartadtags.com,430,316
1298,liveadexchanger.com,11,0
1299,asana.com,74,30
1300,joins.com,3,0
1301,clien.net,4,0
1302,apartmenttherapy.com,13,32
1303,naij.com,77,36
1304,twoo.com,1,0
1305,google.ru,216,8371
1306,steampowered.com,307,209
1307,asus.com,2,0
1308,hts68934.com,4,0
1309,gotowebinar.com,4,2
1310,google.co.kr,113,6676
1311,google.com.mm,251,1888
1312,hltv.org,17,0
1313,mejortorrent.com,5,2
1314,chinatimes.com,6,0
1315,googleusercontent.com,1,5
1316,ancestry.com,8,0
1317,teletica.com,2,0
1318,bzw315.com,12,0
1319,ptt.cc,6,0
1320,independent.co.uk,13,12
1321,pornmd.com,3,0
1322,withgoogle.com,395,382
1323,kissmanga.com,10,6
1324,eyny.com,23,0
1325,wikiwand.com,74,0
1326,microsoftonline.com,5,11
1327,2gis.ru,3,0
1328,otto.de,5,0
1329,webmd.com,2,1
1330,pussysaga.com,2,0
1331,google.com.ng,100,6653
1332,istockphoto.com,269,312
1333,myfitnesspal.com,281,7
1334,lolesports.com,156,25
1335,newegg.com,199,47
1336,sporx.com,7,0
1337,blogspot.mx,81,852
1338,pixnet.net,1,0
1339,hatenablog.com,38,0
1340,tsite.jp,2,0
1341,bigcinema.to,3,0
1342,ebay.com.au,7,49
1343,codecademy.com,342,387
1344,mynavi.jp,2,0
1345,elbalad.news,7,2
1346,jumia.com.ng,20,4
1347,ceneo.pl,3,0
1348,google.nl,193,8081
1349,google.ae,274,8514
1350,9gag.com,240,24
1351,linkshrink.net,106,36
1352,anitube.se,12,7
1353,fbsbx.com,58,129
1354,ky25282.com,2,6
1355,bringmesports.com,4,15
1356,gidonline.club,8,0
1357,mangastream.com,19,8
1358,gismeteo.ua,4,0
1359,aa.com,320,14
1360,kumparan.com,134,8
1361,v1.cn,2,0
1362,amazon.com,18,0
1363,hola.com,1,0
1364,axisbank.com,207,0
1365,orf.at,8,0
1366,gotporn.com,12,0
1367,kizlarsoruyor.com,3,0
1368,square-enix.com,2,0
1369,otzovik.com,11,0
1370,wowprogress.com,6,0
1371,pochta.ru,22,0
1372,smi2.ru,36,0
1373,androidcentral.com,17,0
1374,lequipe.fr,4,0
1375,ebay.de,7,49
1376,absoluteclickscom.com,4,2
1377,steamcommunity.com,748,208
1378,iqiyi.com,19,0
1379,lightinthebox.com,2,51
1380,n282adserv.com,6,9
1381,xda-developers.com,15,0
1382,google.bg,125,7099
1383,alexa.com,132,1
1384,cdstm.cn,6,0
1385,alargery.com,60,76
1386,youku.com,21,0
1387,google.com.tr,123,7066
1388,google.com.tw,98,6113
1389,codeonclick.com,1,1
1390,badoo.com,25,0
1391,investopedia.com,109,17
1392,read01.com,4,2
1393,delta.com,3,10
1394,mobafire.com,24,0
1395,chinaz.com,4,0
1396,genius.com,30,0
1397,yts.ag,14,31
1398,myway.com,2,0
1399,cambridge.org,5,9
1400,empflix.com,1,0
1401,houzz.com,8,0
1402,kinopoisk.ru,6,0
1403,drive2.ru,8,2
1404,douyu.com,41,22
1405,prpops.com,32,0
1406,cargurus.com,7,26
1407,popclck.com,1,0
1408,macys.com,436,116
1409,mailchimp.com,254,0
1410,dumpert.nl,23,3
1411,prezi.com,498,6
1412,apple-panda.com,2,0
1413,watchseries.do,5,24
1414,sueddeutsche.de,5,0
1415,bsnl.in,1,0
1416,gomovies.to,20,35
1417,ctitv.com.tw,1,0
1418,impress.co.jp,2,0
1419,4dsply.com,6,0
1420,shink.in,10,0
1421,sportbible.com,9,0
1422,deezer.com,7,0
1423,gomovies.is,11,25
1424,hotnewhiphop.com,14,0
1425,astrologyanswers.com,2,0
1426,eskimi.com,2,0
1427,wykop.pl,7,0
1428,yelp.com,29,0
1429,mypornoonlain.tv,1,0
1430,unam.mx,3,0
1431,yahoo.co.jp,6,0
1432,focus.de,128,1
1433,zerohedge.com,59,1
1434,w3school.com.cn,3,0
1435,adturtle.biz,7,0
1436,javfor.me,8,0
1437,cb01.uno,10,0
1438,dl-protecte.com,7,3
1439,kohls.com,224,23
1440,heavy.com,46,102
1441,gamer.com.tw,12,0
1442,over-blog.com,2,0
1443,momoshop.com.tw,21,0
1444,google.com.pr,95,5758
1445,feedly.com,17,0
1446,superuser.com,19,31
1447,nasa.gov,2,0
1448,bilibili.com,24,0
1449,researchgate.net,13,0
1450,espncricinfo.com,6,0
1451,urbandictionary.com,442,578
1452,audible.com,9,8
1453,myworkday.com,3,0
1454,gap.com,72,0
1455,brassring.com,1,0
1456,indexmovie.me,2,0
1457,ficbook.net,24,2
1458,4pda.ru,16,0
1459,ouo.io,3,0
1460,mamba.ru,13,0
1461,google.com.eg,104,6559
1462,scribol.com,70,0
1463,alicdn.com,2,0
1464,crunchbase.com,10,0
1465,tradingview.com,8,0
1466,www.gov.uk,46,4
1467,wixsite.com,1,0
1468,mawdoo3.com,33,61
1469,hbogo.com,3,0
1470,bodybuilding.com,172,1
1471,bt.com,8,0
1472,rozetka.com.ua,8,0
1473,okta.com,8,14
1474,divar.ir,6,0
1475,bitbucket.org,13,0
1476,jalopnik.com,52,266
1477,ria.ru,1,0
1478,web.de,8,0
1479,bing.com,4,0
1480,subito.it,6,0
1481,isna.ir,29,2
1482,dropbox.com,25,126
1483,okdiario.com,41,1
1484,thumbzilla.com,7,0
1485,baixaki.com.br,16,0
1486,jqw.com,8,0
1487,dotabuff.com,11,32
1488,oneindia.com,4,0
1489,aastocks.com,1,0
1490,eporner.com,8,1
1491,westernjournalism.com,15,1
1492,wtoip.com,3,0
1493,paytm.com,259,1
1494,kenh14.vn,18,0
1495,worldlifestyle.com,342,106
1496,express.pk,25,2
1497,bc.vc,132,29
1498,telewebion.com,7,0
1499,dominos.com,120,2
1500,ozee.com,1,0
1501,tmall.com,10,7
1502,blogspot.com.eg,37,472
1503,qz.com,16,95
1504,skyscanner.net,4,0
1505,google.com.pe,106,6745
1506,bookmyshow.com,103,87
1507,wikia.com,41,0
1508,usaa.com,329,0
1509,t.co,10,0
1510,lazada.com.ph,28,29
1511,newtabtvsearch.com,2,1
1512,garmin.com,1,0
1513,fazenda.gov.br,3,0
1514,1111.com.tw,1,0
1515,bet365.com,2,0
1516,rottentomatoes.com,208,207
1517,kinogo.club,23,0
1518,hsbc.co.uk,3,0
1519,nessma.tv,6,0
1520,line.me,3,0
1521,pinterest.de,17,31
1522,so-net.ne.jp,2,0
1523,yjc.ir,1,0
1524,nih.gov,3,0
1525,bolshoyvopros.ru,3,0
1526,people.com.cn,103,0
1527,payoneer.com,24,51
1528,rambler.ru,13,0
1529,addthis.com,24,0
1530,camdolls.com,24,0
1531,buffer.com,95,2
1532,namecheap.com,5,0
1533,thestartmagazine.com,70,32
1534,onedio.com,73,0
1535,rarbg.to,2,0
1536,onet.pl,1,0
1537,filmweb.pl,1,0
1538,uniqlo.com,10,0
1539,voot.com,164,25
1540,porn555.com,23,0
1541,wenxuecity.com,5,1
1542,163.com,4,0
1543,vimeo.com,26,61
1544,newyorker.com,22,8
1545,businessweekly.com.tw,1,0
1546,picmonkey.com,2,0
1547,askubuntu.com,19,23
1548,kinokrad.co,18,2
1549,uidai.gov.in,4,0
1550,gemius.pl,2,0
1551,geeksforgeeks.org,7,0
1552,cam4.com,17,0
1553,gazetaexpress.com,164,13
1554,imgur.com,93,43
1555,google.com.br,178,7888
1556,mail.ru,29,0
1557,eventbrite.com,28,0
1558,timeout.com,11,16
1559,wp.pl,2,0
1560,thebalance.com,17,49
1561,topix.com,18,0
1562,msk.ru,3,0
1563,youtube.com,701,172
1564,mama.cn,4,0
1565,streamcloud.eu,1,0
1566,nikkeibp.co.jp,3,0
1567,gearbest.com,120,7
1568,cinecalidad.to,105,29
1569,neogaf.com,9,0
1570,dictionary.com,104,60
1571,planetromeo.com,5,0
1572,groupon.com,328,2
1573,wuxiaworld.com,16,0
1574,mbank.pl,2,0
1575,namnak.com,20,0
1576,time2play-online.net,2,3
1577,humblebundle.com,6,0
1578,blog.ir,2,0
1579,wattpad.com,11,0
1580,readms.net,90,25
1581,indeed.co.uk,6,55
1582,ladbible.com,8,0
1583,blogspot.jp,63,736
1584,spankbang.com,36,3
1585,streamable.com,95,8
1586,ouo.press,4,0
1587,emol.com,4,0
1588,zone-telechargement.ws,8,4
1589,searchalgo.com,9,60
1590,autodesk.com,15,51
1591,marketwatch.com,1,0
1592,elmundo.es,4,0
1593,informer.com,7,0
1594,yalla-shoot.com,89,8
1595,mysql.com,1,0
1596,tagged.com,1,0
1597,zz10485.com,2,6
1598,pulseonclick.com,3,2
1599,live.com,3,0
1600,google.hu,111,6837
1601,office.com,33,4
1602,aliexpress.com,9,0
1603,usps.com,1,0
1604,ultimate-guitar.com,4,0
1605,mi.com,6,4
1606,yaplakal.com,4,0
1607,bitauto.com,3,0
1608,elintransigente.com,6,0
1609,duolingo.com,2,0
1610,shutterstock.com,9,65
1611,filehippo.com,15,4
1612,google.fr,179,8007
1613,uber.com,82,0
1614,avito.ru,8,0
1615,costco.com,2,0
1616,target.com,220,145
1617,verizonwireless.com,3,0
1618,voc.com.cn,10,0
1619,blogspot.pe,59,696
1620,google.co.ve,112,6868
1621,google.pl,224,8592
1622,ebay.in,7,49
1623,docusign.net,2,0
1624,gofundme.com,110,1
1625,amazon.co.uk,8,0
1626,pchome.com.tw,8,38
1627,disq.us,16,52
1628,bbb.org,19,29
1629,kayak.com,11,0
1630,askcom.me,6,0
1631,visualstudio.com,7,8
1632,sarkariresult.com,18,0
1633,quikr.com,329,120
1634,rt.com,13,0
1635,express.co.uk,130,42
1636,tvbs.com.tw,498,671
1637,thedailybeast.com,183,2
1638,mmmoffice.com,16,7
1639,meetup.com,245,300
1640,scotiabank.com,366,116
1641,vice.com,59,3
1642,codepen.io,48,0
1643,starzplay.com,313,219
1644,albawabhnews.com,124,26
1645,nytimes.com,16,0
1646,indiegogo.com,10,0
1647,weebly.com,9,1
1648,gizmodo.com,46,239
1649,pbs.org,4,0
1650,fanfiction.net,19,29
1651,whitepages.com,120,1
1652,tilestwra.com,6,0
1653,gmarket.co.kr,5,0
1654,google.com.af,273,2004
1655,tim.it,2,0
1656,airbnb.com,104,2
1657,zhaopin.com,3,0
1658,medscape.com,8,1
1659,gazzetta.it,3,0
1660,aksam.com.tr,14,2
1661,abola.pt,1,0
1662,thepicta.com,94,0
1663,hitomi.la,42,2
1664,jezebel.com,42,262
1665,lefigaro.fr,2,0
1666,coursehero.com,9,1
1667,itv.com,2,0
1668,gog.com,30,0
1669,apache.org,10,0
1670,bet9ja.com,3,0
1671,google.co.ao,59,4068
1672,qiita.com,177,0
1673,njoyapps.com,4,16
1674,hexun.com,9,0
1675,fwbntw.com,1,0
1676,tumblr.com,156,118
1677,hamariweb.com,17,0
1678,dmv.org,222,90
1679,thehill.com,246,111
1680,socialblade.com,14,2
1681,stanford.edu,2,0
1682,secureserver.net,8,7
1683,y8.com,11,0
1684,segmentfault.com,49,0
1685,sockshare.net,6,6
1686,tuko.co.ke,62,36
1687,ansa.it,5,0
1688,efrable.info,7,2
1689,ipetgroup.com,4,0
1690,hotukdeals.com,21,0
1691,livescore.com,4,0
1692,sciencedirect.com,2,0
1693,harvard.edu,6,0
1694,paypal.com,11,0
1695,neobux.com,11,0
1696,thegay.com,4,0
1697,archiveofourown.org,2,0
1698,yeniakit.com.tr,33,0
1699,go.com,3,0
1700,chinaso.com,4,0
1701,pornolab.net,10,0
1702,shopify.com,113,0
1703,primevideo.com,92,105
1704,cerpen.co.id,7,0
1705,donga.com,1,0
1706,sky.com,2,1
1707,eltrack.pro,4,7
1708,google.ca,205,8479
1709,jcpenney.com,261,1
1710,clickfunnels.com,17,0
1711,forever21.com,191,0
1712,sfr.fr,1,0
1713,android.com,482,2493
1714,gotomeeting.com,4,2
1715,sanook.com,3,0
1716,merdeka.com,4,6
1717,worldofwarcraft.com,207,2
1718,digitalocean.com,25,0
1719,lynda.com,2,0
1720,nationalgeographic.com,39,51
1721,brazzersnetwork.com,13,12
1722,itau.com.br,186,1
1723,amaporn.com,6,0
1724,cnbc.com,6,0
1725,pikabu.ru,4,0
1726,flaticon.com,2,0
1727,cisco.com,3,0
1728,pcpartpicker.com,33,2
1729,58.com,5,0
1730,office365.com,5,7
1731,indeed.co.in,6,55
1732,valuecommerce.com,9,0
1733,souq.com,16,0
1734,olx.pl,581,712
1735,inquirer.net,27,0
1736,ampxchange.com,4,2
1737,namasha.com,4,0
1738,amazon.co.jp,45,330
1739,gamespot.com,8,1
1740,how01.com,9,0
1741,cda.pl,7,0
1742,perfectgirls.net,16,0
1743,eol.cn,4,0
1744,bbc.com,15,15
1745,craigslist.org,6,4
1746,gutefrage.net,2,0
1747,seekingalpha.com,353,96
1748,thewhizmarket.co,44,37
1749,yandex.ua,518,38
1750,coursera.org,1000,1128
1751,curapelanatureza.com.br,3,0
1752,bluehost.com,9,0
1753,olx.ua,602,774
1754,apartments.com,147,35
1755,commentcamarche.net,1,0
1756,theporndude.com,12,0
1757,wowhead.com,191,1
1758,python.org,6,0
1759,uploaded.net,11,0
1760,17track.net,21,0
1761,xiaomi.com,6,4
1762,oeeee.com,3,0
1763,intoday.in,3,26
1764,biblegateway.com,448,386
1765,barstoolsports.com,12,0
1766,irs.gov,3,0
1767,sohu.com,12,0
1768,chase.com,9,0
1769,envato.com,388,564
1770,eenadu.net,162,70
1771,capitalone.com,5,0
1772,epochtimes.com,10,0
1773,unsplash.com,46,18
1774,maybank2u.com.my,203,23
1775,interia.pl,1,0
1776,linkedin.com,8,0
1777,caf.fr,3,0
1778,metropoles.com,193,3
1779,google.com.my,112,6276
1780,habrahabr.ru,11,0
1781,nfl.com,473,83
1782,semrush.com,12,0
1783,winningdealz.com,7,10
1784,infusionsoft.com,25,0
1785,google.dz,98,6455
1786,teepr.com,15,0
1787,cdiscount.com,3,0
1788,mercadolibre.com.ar,29,13
1789,dell.com,4,0
1790,lg.com,1,0
1791,zeit.de,3,0
1792,uol.com.br,12,12
1793,thesaurus.com,71,54
1794,infobae.com,142,11
1795,tubepornclassic.com,5,6
1796,miui.com,9,0
1797,academia.edu,10,0
1798,viki.com,14,0
1799,junbi-tracker.com,4,0
1800,maxdealz.com,2,1
1801,google.com.pk,114,6891
1802,shahid4u.com,13,2
1803,imagebam.com,4,0
1804,blpmovies.com,39,1
1805,animeyt.tv,19,29
1806,alarabiya.net,4,0
1807,thepennyhoarder.com,320,200
1808,104.com.tw,2,0
1809,pinterest.com,228,22
1810,seesaa.net,818,392
